{
    "Global": "Global",
    "China": "Chine",
    "Mainland China": "Chine continentale",
    "International Conveyance": "Transport international",
    "Diamond Princess": "Diamond Princess",
    "Singapore": "Singapour",
    "Hong Kong": "Hong Kong",
    "Thailand": "Thaïlande",
    "Japan": "Japon",
    "South Korea": "Corée du Sud",
    "Malaysia": "Malaisie",
    "Taiwan": "Taïwan",
    "Germany": "Allemagne",
    "Vietnam": "Vietnam",
    "Viet Nam": "Viet Nam",
    "France": "France",
    "Macau": "Macao",
    "United Kingdom": "Royaume-Uni",
    "England": "Angleterre",
    "Scotland": "Écosse",
    "Wales": "Pays de Galles",
    "Northern Ireland": "Irlande du Nord",
    "Overseas Territories": "Territoires d'outre-mer",
    "Crown Dependencies": "dépendances de la Couronne",
    "United Arab Emirates": "Emirats Arabes Unis",
    "Australia": "Australie",
    "Queensland": "Queensland",
    "New South Wales": "Nouvelle Galles du Sud",
    "Victoria": "Victoria",
    "South Australia": "Le sud de l'Australie",
    "Western Australia": "Australie occidentale",
    "Tasmania": "Tasmanie",
    "Northern Territory": "Territoire du Nord",
    "Australian Capital Territory": "Territoire de la capitale australienne",
    "Jervis Bay Territory": "Territoire de Jervis Bay",
    "Canada": "Canada",
    "British Columbia": "Colombie britannique",
    "Ontario": "Ontario",
    "Quebec": "Québec",
    "Alberta": "Alberta",
    "New Brunswick": "Nouveau-Brunswick",
    "Manitoba": "Manitoba",
    "Saskatchewan": "Saskatchewan",
    "Newfoundland and Labrador": "Terre-Neuve-et-Labrador",
    "Prince Edward Island": "Île-du-Prince-Édouard",
    "Nova Scotia": "Nouvelle-Écosse",
    "Northwest Territories": "Territoires du nord-ouest",
    "Nunavut": "Nunavut",
    "Yukon": "Yukon",
    "India": "Inde",
    "Italy": "Italie",
    "Philippines": "Philippines",
    "Russia": "Russie",
    "Russian Federation": "Fédération Russe",
    "Spain": "Espagne",
    "Belgium": "Belgique",
    "Cambodia": "Cambodge",
    "Egypt": "Egypte",
    "Finland": "Finlande",
    "Nepal": "Népal",
    "Sri Lanka": "Sri Lanka",
    "Sweden": "Suède",
    "Iran": "L'Iran",
    "Israel": "Israël",
    "Lebanon": "Liban",
    "Oman": "Oman",
    "Iraq": "Irak",
    "Afghanistan": "Afghanistan",
    "Bahrain": "Bahrein",
    "Kuwait": "Koweit",
    "Austria": "L'Autriche",
    "Algeria": "Algérie",
    "Croatia": "Croatie",
    "Switzerland": "Suisse",
    "Pakistan": "Pakistan",
    "Brazil": "Brésil",
    "Georgia": "Géorgie",
    "Greece": "Grèce",
    "North Macedonia": "Macédoine du Nord",
    "Norway": "Norvège",
    "Romania": "Roumanie",
    "Denmark": "Danemark",
    "Estonia": "Estonie",
    "Netherlands": "Pays-Bas",
    "Bonaire": "Bonaire",
    "San Marino": "Saint Marin",
    "Azerbaijan": "Azerbaïdjan",
    "Belarus": "Biélorussie",
    "Iceland": "Islande",
    "Lithuania": "Lituanie",
    "Mexico": "Mexique",
    "New Zealand": "Nouvelle-Zélande",
    "Nigeria": "Nigeria",
    "North Ireland": "Irlande du Nord",
    "Ireland": "Irlande",
    "Luxembourg": "Luxembourg",
    "Monaco": "Monaco",
    "Qatar": "Qatar",
    "Armenia": "Arménie",
    "Dominican Republic": "République Dominicaine",
    "Dominica": "Dominique",
    "Czechia": "Tchéquie",
    "Ecuador": "Équateur",
    "Indonesia": "Indonésie",
    "Portugal": "le Portugal",
    "Andorra": "Andorre",
    "Latvia": "Lettonie",
    "Morocco": "Maroc",
    "Saudi Arabia": "Arabie Saoudite",
    "Senegal": "Sénégal",
    "Argentina": "Argentine",
    "Chile": "Chili",
    "Jordan": "Jordan",
    "Ukraine": "Ukraine",
    "Hungary": "Hongrie",
    "Faroe Islands": "Îles Féroé",
    "Gibraltar": "Gibraltar",
    "Liechtenstein": "Liechtenstein",
    "Poland": "Pologne",
    "Tunisia": "Tunisie",
    "Palestine": "Palestine",
    "Bosnia and Herzegovina": "Bosnie Herzégovine",
    "Slovenia": "Slovénie",
    "South Africa": "Afrique du Sud",
    "Bhutan": "Bhoutan",
    "Cameroon": "Cameroun",
    "Colombia": "Colombie",
    "Costa Rica": "Costa Rica",
    "Peru": "Pérou",
    "Serbia": "Serbie",
    "Slovakia": "Slovaquie",
    "Togo": "Aller",
    "Holy See": "Saint-Siège",
    "Malta": "Malte",
    "Bulgaria": "Bulgarie",
    "Maldives": "Maldives",
    "Bangladesh": "Bangladesh",
    "Moldova": "Moldova",
    "Republic of Moldova": "République de Moldavie",
    "Paraguay": "Paraguay",
    "Albania": "Albanie",
    "Cyprus": "Chypre",
    "Brunei": "Brunei",
    "Burkina Faso": "Burkina Faso",
    "Channel Islands": "Îles anglo-normandes",
    "Mongolia": "Mongolie",
    "Panama": "Panama",
    "Bolivia": "Bolivie",
    "Honduras": "Honduras",
    "Congo (Kinshasa)": "Congo (Kinshasa)",
    "Cote d'Ivoire": "Côte d'Ivoire",
    "Jamaica": "Jamaïque",
    "Turkey": "dinde",
    "Cuba": "Cuba",
    "Guyana": "Guyane",
    "Kazakhstan": "Kazakhstan",
    "Aruba": "Aruba",
    "Cayman Islands": "Îles Caïmans",
    "Ethiopia": "Ethiopie",
    "Sudan": "Soudan",
    "Guinea": "Guinée",
    "Kenya": "Kenya",
    "Antigua and Barbuda": "Antigua-et-Barbuda",
    "Uruguay": "Uruguay",
    "Ghana": "Ghana",
    "Jersey": "Jersey",
    "Namibia": "Namibie",
    "Seychelles": "les Seychelles",
    "Trinidad and Tobago": "Trinité-et-Tobago",
    "Venezuela": "Venezuela",
    "Curacao": "Curacao",
    "Eswatini": "Eswatini",
    "Gabon": "Gabon",
    "Guatemala": "Guatemala",
    "Guernsey": "Guernesey",
    "Mauritania": "Mauritanie",
    "Rwanda": "Rwanda",
    "Saint Lucia": "Sainte-Lucie",
    "Saint Vincent and the Grenadines": "Saint-Vincent-et-les-Grenadines",
    "Suriname": "Suriname",
    "Kosovo": "Kosovo",
    "Central African Republic": "République centrafricaine",
    "Congo (Brazzaville)": "Congo (Brazzaville)",
    "Equatorial Guinea": "Guinée Équatoriale",
    "Uzbekistan": "Ouzbékistan",
    "Benin": "Bénin",
    "Greenland": "Groenland",
    "Liberia": "Libéria",
    "Somalia": "Somalie",
    "Tanzania": "Tanzanie",
    "Bahamas": "Bahamas",
    "Kyrgyzstan": "Kirghizistan",
    "Mauritius": "Maurice",
    "Barbados": "Barbade",
    "Zambia": "Zambie",
    "Montenegro": "Monténégro",
    "Djibouti": "Djibouti",
    "Gambia": "Gambie",
    "Montserrat": "Montserrat",
    "Chad": "Tchad",
    "El Salvador": "Le Salvador",
    "Fiji": "Fidji",
    "Nicaragua": "Nicaragua",
    "Bermuda": "Bermudes",
    "Isle of Man": "île de Man",
    "Madagascar": "Madagascar",
    "Haiti": "Haïti",
    "Angola": "Angola",
    "Cabo Verde": "Cabo Verde",
    "Niger": "Niger",
    "Papua New Guinea": "Papouasie Nouvelle Guinée",
    "Zimbabwe": "Zimbabwe",
    "Timor-Leste": "Timor-Leste",
    "Eritrea": "Érythrée",
    "Uganda": "Ouganda",
    "Sint Maarten": "Sint Maarten",
    "Mozambique": "Mozambique",
    "Syria": "Syrie",
    "Grenada": "Grenade",
    "Belize": "Belize",
    "Laos": "Laos",
    "Libya": "Libye",
    "Guinea-Bissau": "Guinée-Bissau",
    "Saint Kitts and Nevis": "Saint-Christophe-et-Niévès",
    "Mali": "Mali",
    "Myanmar": "Myanmar",
    "Turks and Caicos Islands": "îles Turques-et-Caïques",
    "British Virgin Islands": "Îles Vierges britanniques",
    "Anguilla": "Anguilla",
    "Botswana": "Botswana",
    "Burundi": "Burundi",
    "Sierra Leone": "Sierra Leone",
    "Malawi": "Malawi",
    "Western Sahara": "Sahara occidental",
    "South Sudan": "Soudan du sud",
    "Sao Tome and Principe": "Sao Tomé et Principe",
    "United States of America": "les États-Unis d'Amérique",
    "Virgin Islands": "Les iles vierges",
    "Puerto Rico": "Porto Rico",
    "Guam": "Guam",
    "From Diamond Princess": "De Diamond Princess",
    "Grand Princess": "Grand Princess",
    "Daegu": "Daegu",
    "Gyeongsangbuk-do": "Gyeongsangbuk-do",
    "Gyeongsangnam-do": "Gyeongsangnam-do",
    "Gangwon-do": "Gangwon-do",
    "Gyeonggi-do": "Gyeonggi-do",
    "Seoul": "Séoul",
    "Gwangju": "Gwangju",
    "Daejeon": "Daejeon",
    "Busan": "Busan",
    "Ulsan": "Ulsan",
    "Jeollanam-do": "Jeollanam-do",
    "Jeollabuk-do": "Jeollabuk-do",
    "Chungcheongbuk-do": "Chungcheongbuk-do",
    "Chungcheongnam-do": "Chungcheongnam-do",
    "Sejong City": "Sejong City",
    "Incheon": "Incheon",
    "Jeju-do": "Jeju-do",
    "Lombardia": "Lombardia",
    "Emilia Romagna": "Émilie Romagne",
    "Veneto": "Vénétie",
    "Piemonte": "Piémont",
    "Liguria": "Ligurie",
    "Marche": "Marche",
    "Campania": "Campanie",
    "Toscana": "Toscane",
    "Sicilia": "Sicilia",
    "Lazio": "Latium",
    "Friuli V. G.": "Friuli VG",
    "Abruzzo": "Abruzzes",
    "Puglia": "Pouilles",
    "Umbria": "Ombrie",
    "Calabria": "Calabre",
    "Sardegna": "Sardegna",
    "Valle d'Aosta": "Val d'Aoste",
    "Molise": "Molise",
    "Basilicata": "Basilicate",
    "Trentino-Alto Adige": "Trentin-Haut-Adige",
    "Apulia": "Pouilles",
    "Metropolitan France": "France métropolitaine",
    "Overseas France": "Outre-mer France",
    "Auvergne-Rhône-Alpes": "Auvergne-Rhône-Alpes",
    "Bourgogne-Franche-Comté": "Bourgogne-Franche-Comté",
    "Bretagne": "Bretagne",
    "Centre-Val de Loire": "Centre-Val de Loire",
    "Corse": "Corse",
    "Grand Est": "Grand Est",
    "Hauts-de-France": "Hauts-de-France",
    "Île-de-France": "Ile de France",
    "Normandie": "Normandie",
    "Nouvelle-Aquitaine": "Nouvelle-Aquitaine",
    "Occitanie": "Occitanie",
    "Pays de la Loire": "Pays de la Loire",
    "Provence-Alpes-Côte d'Azur": "Provence-Alpes-Côte d'Azur",
    "Guadeloupe": "Guadeloupe",
    "Martinique": "Martinique",
    "French Guiana": "Guyane Française",
    "Reunion": "Réunion",
    "Mayotte": "Mayotte",
    "Saint Barthelemy": "Saint Barthelemy",
    "Saint Martin": "Saint Martin",
    "French Polynesia": "Polynésie française",
    "New Caledonia": "Nouvelle Calédonie",
    "Thüringen": "Thüringen",
    "Mecklenburg-Vorpommern": "Mecklenburg-Vorpommern",
    "Saarland": "Sarre",
    "Bremen": "Bremen",
    "Sachsen-Anhalt": "Sachsen-Anhalt",
    "Brandenburg": "Brandebourg",
    "Schleswig-Holstein": "Schleswig-Holstein",
    "Sachsen": "Sachsen",
    "Hamburg": "Hambourg",
    "Rheinland-Pfalz": "Rheinland-Pfalz",
    "Hessen": "Hessen",
    "Berlin": "Berlin",
    "Niedersachsen": "Niedersachsen",
    "Baden-Württemberg": "Bade-Wurtemberg",
    "Bayern": "Bayern",
    "Nordrhein-Westfalen": "Nordrhein-Westfalen",
    "Hokkaido": "Hokkaido",
    "Aomori": "Aomori",
    "Iwate": "Iwate",
    "Miyagi": "Miyagi",
    "Akita": "Akita",
    "Yamagata": "Yamagata",
    "Fukushima": "Fukushima",
    "Ibaraki": "Ibaraki",
    "Tochigi": "Tochigi",
    "Gunma": "Gunma",
    "Saitama": "Saitama",
    "Chiba": "Chiba",
    "Tokyo": "Tokyo",
    "Kanagawa": "Kanagawa",
    "Niigata": "Niigata",
    "Toyama": "Toyama",
    "Ishikawa": "Ishikawa",
    "Fukui": "Fukui",
    "Yamanashi": "Yamanashi",
    "Nagano": "Nagano",
    "Gifu": "Gifu",
    "Shizuoka": "Shizuoka",
    "Aichi": "Aichi",
    "Mie": "Mie",
    "Shiga": "Shiga",
    "Kyoto": "Kyoto",
    "Osaka": "Osaka",
    "Hyogo": "Hyogo",
    "Nara": "Nara",
    "Wakayama": "Wakayama",
    "Tottori": "Tottori",
    "Shimane": "Shimane",
    "Okayama": "Okayama",
    "Hiroshima": "Hiroshima",
    "Yamaguchi": "Yamaguchi",
    "Tokushima": "Tokushima",
    "Kagawa": "Kagawa",
    "Ehime": "Ehime",
    "Kōchi": "Kōchi",
    "Fukuoka": "Fukuoka",
    "Saga": "Saga",
    "Nagasaki": "Nagasaki",
    "Kumamoto": "Kumamoto",
    "Oita": "Oita",
    "Miyazaki": "Miyazaki",
    "Kagoshima": "Kagoshima",
    "Okinawa": "Okinawa",
    "Evacuation": "Évacuation",
    "Quarantine Officer": "Agent de quarantaine",
    "Kärnten": "Kärnten",
    "Burgenland": "Burgenland",
    "Vorarlberg": "Vorarlberg",
    "Salzburg": "Salzburg",
    "Steiermark": "Steiermark",
    "Niederösterreich": "Niederösterreich",
    "Oberösterreich": "Oberösterreich",
    "Wien": "Wien",
    "Tirol": "Tirol",
    "Andalucía": "Andalousie",
    "Aragón": "Aragón",
    "Asturias": "Asturies",
    "Baleares": "Baléares",
    "Canarias": "Canaries",
    "Cantabria": "Cantabrie",
    "Castilla-La Mancha": "Castilla-La Mancha",
    "Castilla y León": "Castilla y León",
    "Cataluña": "Cataluña",
    "Ceuta": "Ceuta",
    "C. Valenciana": "C. Valenciana",
    "Extremadura": "Estrémadure",
    "Galicia": "Galice",
    "Madrid": "Madrid",
    "Melilla": "Melilla",
    "Murcia": "Murcie",
    "Navarra": "Navarra",
    "País Vasco": "País Vasco",
    "La Rioja": "La Rioja",
    "Ceuta y Melilla": "Ceuta y Melilla",
    "Aargau": "Argovie",
    "Appenzell Ausserrhoden": "Appenzell Ausserrhoden",
    "Appenzell Innerrhoden": "Appenzell Innerrhoden",
    "Basel-Landschaft": "Basel-Landschaft",
    "Basel-Stadt": "Bâle-Ville",
    "Bern": "Berne",
    "Fribourg": "Fribourg",
    "Genève": "Genève",
    "Glarus": "Glaris",
    "Graubünden": "Grisons",
    "Jura": "Jura",
    "Luzern": "Luzern",
    "Neuchâtel": "Neuchâtel",
    "Nidwalden": "Nidwalden",
    "Obwalden": "Obwalden",
    "St. Gallen": "Saint-Gall",
    "Schaffhausen": "Schaffhouse",
    "Schwyz": "Schwyz",
    "Solothurn": "Soleure",
    "Thurgau": "Thurgovie",
    "Ticino": "Tessin",
    "Uri": "Uri",
    "Valais": "Valais",
    "Vaud": "Vaud",
    "Zug": "Zoug",
    "Zürich": "Zurich",
    "Gotland": "Gotland",
    "Kalmar": "Kalmar",
    "Blekinge": "Blekinge",
    "Norrbotten": "Norrbotten",
    "Västernorrland": "Västernorrland",
    "Dalarna": "Dalarna",
    "Kronoberg": "Kronoberg",
    "Gävleborg": "Gävleborg",
    "Västmanland": "Västmanland",
    "Västerbotten": "Västerbotten",
    "Jämtland": "Jämtland",
    "Värmland": "Värmland",
    "Örebro": "Örebro",
    "Södermanland": "Södermanland",
    "Jönköping": "Jönköping",
    "Halland": "Halland",
    "Uppsala": "Uppsala",
    "Östergötland": "Östergötland",
    "Skåne": "Skåne",
    "Västra Götaland": "Västra Götaland",
    "Stockholm": "Stockholm",
    "Podlaskie": "Podlaskie",
    "Świętokrzyskie": "Świętokrzyskie",
    "Lubusz": "Lubusz",
    "Opole": "Opole",
    "West Pomeranian": "Poméranie occidentale",
    "Pomeranian": "poméranien",
    "Lesser Poland": "Petite Pologne",
    "Kuyavian-Pomeranian": "Kuyavian-Pomeranian",
    "Warmian-Masurian": "Varmie-Mazurie",
    "Podkarpackie": "Podkarpackie",
    "Greater Poland": "Grande Pologne",
    "Lublin": "Lublin",
    "Silesian": "Silésie",
    "Lower Silesian": "Basse Silésie",
    "Łódź": "Łódź",
    "Masovian": "Mazovie",
    "Nordland": "Nordland",
    "Møre og Romsdal": "Møre og Romsdal",
    "Troms og Finnmark": "Troms og Finnmark",
    "Vestfold og Telemark": "Vestfold og Telemark",
    "Agder": "Agder",
    "Trøndelag": "Trøndelag",
    "Innlandet": "Innlandet",
    "Vestland": "Vestland",
    "Rogaland": "Rogaland",
    "Oslo": "Oslo",
    "Viken": "Viken",
    "Qom": "Qom",
    "Tehran": "Téhéran",
    "Mazandaran": "Mazandaran",
    "Alborz": "Alborz",
    "Semnan": "Semnan",
    "Golestan": "Golestan",
    "Qazvin": "Qazvin",
    "Isfahan": "Ispahan",
    "Fars": "Fars",
    "Hormozgan": "Hormozgan",
    "Kohgiluyeh and Boyer-Ahmad": "Kohgiluyeh et Boyer-Ahmad",
    "Chaharmahal and Bakhtiari": "Chaharmahal et Bakhtiari",
    "Bushehr": "Bushehr",
    "Gilan": "Gilan",
    "Ardabil": "Ardabil",
    "East Azerbaijan": "Azerbaïdjan oriental",
    "West Azerbaijan": "Azerbaïdjan occidental",
    "Kordestan": "Kordestan",
    "Zanjan": "Zanjan",
    "Markazi": "Markazi",
    "Hamadan": "Hamadan",
    "Khuzestan": "Khuzestan",
    "Kermanshah": "Kermanshah",
    "Lorestan": "Lorestan",
    "Ilam": "Ilam",
    "Razavi Khorasan": "Razavi Khorasan",
    "Sistan and Baluchestan": "Sistan et Baluchestan",
    "Yazd": "Yazd",
    "South Khorasan": "Khorasan du Sud",
    "Kerman": "Kerman",
    "North Khorasan": "North Khorasan",
    "Norte": "Norte",
    "Centro": "Centro",
    "Lisbon and Tagus Valley": "Lisbonne et Vallée du Tage",
    "Alentejo": "Alentejo",
    "Algarve": "Algarve",
    "Azores": "Açores",
    "Madeira": "Madère",
    "Rondônia": "Rondônia",
    "Acre": "Acre",
    "Amazonas": "Amazonas",
    "Roraima": "Roraima",
    "Pará": "Para",
    "Amapá": "Amapá",
    "Tocantins": "Tocantins",
    "Maranhão": "Maranhão",
    "Piauí": "Piauí",
    "Ceará": "Ceará",
    "Rio Grande do Norte": "Rio Grande do Norte",
    "Paraíba": "Paraíba",
    "Pernambuco": "Pernambuco",
    "Alagoas": "Alagoas",
    "Sergipe": "Sergipe",
    "Bahia": "Bahia",
    "Minas Gerais": "minas Gerais",
    "Espirito Santo": "Espirito Santo",
    "Rio de Janeiro": "Rio de Janeiro",
    "São Paulo": "São Paulo",
    "Paraná": "Paraná",
    "Santa Catarina": "Santa Catarina",
    "Rio Grande do Sul": "Rio Grande do Sul",
    "Mato Grosso do Sul": "Mato Grosso do Sul",
    "Mato Grosso": "Mato Grosso",
    "Goiás": "Goiás",
    "Distrito Federal": "Distrito Federal",
    "Perlis": "Perlis",
    "Kedah": "Kedah",
    "Pulau Pinang": "Pulau Pinang",
    "Perak": "Perak",
    "Selangor": "Selangor",
    "Negeri Sembilan": "Negeri Sembilan",
    "Melaka": "Melaka",
    "Johor": "Johor",
    "Pahang": "Pahang",
    "Terengganu": "Terengganu",
    "Kelantan": "Kelantan",
    "Sabah": "Sabah",
    "Sarawak": "Sarawak",
    "Kuala Lumpur": "Kuala Lumpur",
    "Labuan": "Labuan",
    "Putrajaya": "Putrajaya",
    "Arica y Parinacota": "Arica y Parinacota",
    "Tarapacá": "Tarapacá",
    "Antofagasta": "Antofagasta",
    "Atacama": "Atacama",
    "Coquimbo": "Coquimbo",
    "Valparaíso": "Valparaíso",
    "Santiago Metropolitan": "Santiago Metropolitan",
    "O'Higgins": "O'Higgins",
    "Maule": "Maule",
    "Ñuble": "Ñuble",
    "Biobío": "Biobío",
    "Araucanía": "Araucanía",
    "Los Ríos": "Los Ríos",
    "Los Lagos": "Los Lagos",
    "Aysén": "Aysén",
    "Magallanes": "Magallanes",
    "Flanders": "Flandre",
    "Brussels": "Bruxelles",
    "Wallonia": "Wallonie",
    "Liberec": "Liberec",
    "Pardubice": "Pardubice",
    "South Bohemian": "Bohême du Sud",
    "Hradec Králové": "Hradec Králové",
    "Karlovy Vary": "Karlovy Vary",
    "Vysočina": "Vysočina",
    "Ústí nad Labem": "Ústí nad Labem",
    "Plzeň": "Plzeň",
    "Zlín": "Zlín",
    "South Moravian": "Moravie du Sud",
    "Olomouc": "Olomouc",
    "Moravian-Silesian": "Moravie-Silésie",
    "Central Bohemian": "Bohème centrale",
    "Prague": "Prague",
    "Ciudad de Buenos Aires": "Ciudad de Buenos Aires",
    "Buenos Aires": "Buenos Aires",
    "Catamarca": "Catamarca",
    "Chaco": "Chaco",
    "Chubut": "Chubut",
    "Cordoba": "Cordoue",
    "Corrientes": "Corrientes",
    "Entre Rios": "Entre Rios",
    "Formosa": "Formosa",
    "Jujuy": "Jujuy",
    "La Pampa": "La Pampa",
    "La Rioja": "La Rioja",
    "Mendoza": "Mendoza",
    "Misiones": "Misiones",
    "Neuquen": "Neuquen",
    "Rio Negro": "Rio Negro",
    "Salta": "Salta",
    "San Juan": "San Juan",
    "San Luis": "San Luis",
    "Santa Cruz": "Santa Cruz",
    "Santa Fe": "Santa Fe",
    "Santiago del Estero": "Santiago del Estero",
    "Tierra del Fuego": "Tierra del Fuego",
    "Tucuman": "Tucuman",
    "Azuay": "Azuay",
    "Bolivar": "Bolivar",
    "Canar": "Canar",
    "Carchi": "Carchi",
    "Chimborazo": "Chimborazo",
    "Cotopaxi": "Cotopaxi",
    "El Oro": "El Oro",
    "Esmeraldas": "Esmeraldas",
    "Galapagos": "Galapagos",
    "Guayas": "Guayas",
    "Imbabura": "Imbabura",
    "Loja": "Loja",
    "Los Rios": "Los Rios",
    "Manabi": "Manabi",
    "Morona Santiago": "Morona Santiago",
    "Napo": "Napo",
    "Orellana": "Orellana",
    "Pastaza": "Pastaza",
    "Pichincha": "Pichincha",
    "Santa Elena": "Santa Elena",
    "Santo Domingo de los Tsachilas": "Santo Domingo de los Tsachilas",
    "Sucumbios": "Sucumbios",
    "Tungurahua": "Tungurahua",
    "Zamora-Chinchipe": "Zamora-Chinchipe",
    "Aguascalientes": "Aguascalientes",
    "Baja California": "Basse Californie",
    "Baja California Sur": "Baja California Sur",
    "Campeche": "Campeche",
    "Chiapas": "Chiapas",
    "Chihuahua": "Chihuahua",
    "Ciudad de Mexico": "Ciudad de Mexico",
    "Coahuila": "Coahuila",
    "Colima": "Colima",
    "Durango": "Durango",
    "Guanajuato": "Guanajuato",
    "Guerrero": "Guerrero",
    "Hidalgo": "Hidalgo",
    "Jalisco": "Jalisco",
    "Michoacan": "Michoacan",
    "Morelos": "Morelos",
    "México": "Mexique",
    "Nayarit": "Nayarit",
    "Nuevo Leon": "Nuevo Leon",
    "Oaxaca": "Oaxaca",
    "Puebla": "Puebla",
    "Queretaro": "Queretaro",
    "Quintana Roo": "Quintana Roo",
    "San Luis Potosi": "San Luis Potosi",
    "Sinaloa": "Sinaloa",
    "Sonora": "Sonora",
    "Tabasco": "Tabasco",
    "Tamaulipas": "Tamaulipas",
    "Tlaxcala": "Tlaxcala",
    "Veracruz": "Veracruz",
    "Yucatan": "Yucatan",
    "Zacatecas": "Zacatecas",
    "Andhra Pradesh": "Andhra Pradesh",
    "Arunachal Pradesh": "Arunachal Pradesh",
    "Assam": "Assam",
    "Bihar": "Bihar",
    "Chhattisgarh": "Chhattisgarh",
    "Goa": "Goa",
    "Gujarat": "Gujarat",
    "Haryana": "Haryana",
    "Himachal Pradesh": "Himachal Pradesh",
    "Jharkhand": "Jharkhand",
    "Karnataka": "Karnataka",
    "Kerala": "Kerala",
    "Madhya Pradesh": "Madhya Pradesh",
    "Maharashtra": "Maharashtra",
    "Manipur": "Manipur",
    "Meghalaya": "Meghalaya",
    "Mizoram": "Mizoram",
    "Nagaland": "Nagaland",
    "Odisha": "Odisha",
    "Punjab": "Punjab",
    "Rajasthan": "Rajasthan",
    "Sikkim": "Sikkim",
    "Tamil Nadu": "Tamil Nadu",
    "Telangana": "Telangana",
    "Tripura": "Tripura",
    "Uttar Pradesh": "Uttar Pradesh",
    "Uttarakhand": "Uttarakhand",
    "West Bengal": "Bengale-Occidental",
    "Andaman and Nicobar Islands": "Îles Andaman et Nicobar",
    "Chandigarh": "Chandigarh",
    "Dadra and Nagar Haveli": "Dadra et Nagar Haveli",
    "Daman and Diu": "Daman et Diu",
    "Lakshadweep": "Lakshadweep",
    "Jammu and Kashmir": "Jammu-et-Cachemire",
    "Ladakh": "Ladakh",
    "Delhi": "Delhi",
    "Puducherry": "Puducherry",
    "Lima": "Lima",
    "Loreto": "Loreto",
    "Lambayeque": "Lambayeque",
    "Callao": "Callao",
    "Cusco": "Cusco",
    "Piura": "Piura",
    "La Libertad": "La Libertad",
    "Ancash": "Ancash",
    "Huanuco": "Huanuco",
    "Arequipa": "Arequipa",
    "Ica": "I CA",
    "Madre de Dios": "Madre de Dios",
    "Tumbes": "Tumbes",
    "Cajamarca": "Cajamarca",
    "Amazonas": "Amazonas",
    "San Martin": "San Martin",
    "Ucayali": "Ucayali",
    "Pasco": "Pasco",
    "Junin": "Junin",
    "Huancavelica": "Huancavelica",
    "Ayacucho": "Ayacucho",
    "Apurimac": "Apurimac",
    "Puno": "Puno",
    "Moquegua": "Moquegua",
    "Tacna": "Tacna",
    "Longford": "Longford",
    "Louth": "Louth",
    "Mayo": "Mayo",
    "Meath": "Meath",
    "Monaghan": "Monaghan",
    "Sligo": "Sligo",
    "Roscommon": "Roscommon",
    "Tipperary": "Tipperary",
    "Waterford": "Waterford",
    "Westmeath": "Westmeath",
    "Offaly": "Offaly",
    "Limerick": "Limerick",
    "Carlow": "Carlow",
    "Laois": "Laois",
    "Kilkenny": "Kilkenny",
    "Kildare": "Kildare",
    "Kerry": "Kerry",
    "Galway": "Galway",
    "Dublin": "Dublin",
    "Donegal": "Donegal",
    "Cork": "Liège",
    "Clare": "Clare",
    "Cavan": "Cavan",
    "Wexford": "Wexford",
    "Leitrim": "Leitrim",
    "Wicklow": "Wicklow",
    "Eastern Cape": "cap Oriental",
    "Free State": "État libre",
    "Gauteng": "Gauteng",
    "KwaZulu-Natal": "KwaZulu-Natal",
    "Limpopo": "Limpopo",
    "Mpumalanga": "Mpumalanga",
    "Northern Cape": "Cap Nord",
    "North West": "Nord Ouest",
    "Western Cape": "Cape de Western",
    "Abra": "Abra",
    "Agusan del Norte": "Agusan del Norte",
    "Agusan del Sur": "Agusan del Sur",
    "Aklan": "Aklan",
    "Albay": "Albay",
    "Antique": "Antique",
    "Apayao": "Apayao",
    "Aurora": "Aurore",
    "Basilan": "Basilan",
    "Bataan": "Bataan",
    "Batanes": "Batanes",
    "Batangas": "Batangas",
    "Benguet": "Benguet",
    "Biliran": "Biliran",
    "Bohol": "Bohol",
    "Bukidnon": "Bukidnon",
    "Bulacan": "Bulacan",
    "Cagayan": "Cagayan",
    "Camarines Norte": "Camarines Norte",
    "Camarines Sur": "Camarines Sur",
    "Camiguin": "Camiguin",
    "Capiz": "Capiz",
    "Catanduanes": "Catanduanes",
    "Cavite": "Cavite",
    "Cebu": "Cebu",
    "Cotabato": "Cotabato",
    "Davao de Oro": "Davao de Oro",
    "Davao del Norte": "Davao del Norte",
    "Davao del Sur": "Davao del Sur",
    "Davao Occidental": "Davao Occidental",
    "Davao Oriental": "Davao Oriental",
    "Dinagat Islands": "Îles Dinagat",
    "Eastern Samar": "Samar oriental",
    "Guimaras": "Guimaras",
    "Ifugao": "Ifugao",
    "Ilocos Norte": "Ilocos Norte",
    "Ilocos Sur": "Ilocos Sur",
    "Iloilo": "Iloilo",
    "Isabela": "Isabela",
    "Kalinga": "Kalinga",
    "La Union": "La Union",
    "Laguna": "Laguna",
    "Lanao del Norte": "Lanao del Norte",
    "Lanao del Sur": "Lanao del Sur",
    "Leyte": "Leyte",
    "Maguindanao": "Maguindanao",
    "Marinduque": "Marinduque",
    "Masbate": "Masbate",
    "Metro Manila": "Metro Manila",
    "Misamis Occidental": "Misamis Occidental",
    "Misamis Oriental": "Misamis Oriental",
    "Mountain Province": "Province de la montagne",
    "Negros Occidental": "Negros Occidental",
    "Negros Oriental": "Negros Oriental",
    "Northern Samar": "Samar du Nord",
    "Nueva Ecija": "Nueva Ecija",
    "Nueva Vizcaya": "Nueva Vizcaya",
    "Occidental Mindoro": "Occidental Mindoro",
    "Oriental Mindoro": "Mindoro oriental",
    "Palawan": "Palawan",
    "Pampanga": "Pampanga",
    "Pangasinan": "Pangasinan",
    "Quezon": "Quezon",
    "Quirino": "Quirino",
    "Rizal": "Rizal",
    "Romblon": "Romblon",
    "Samar": "Samar",
    "Sarangani": "Sarangani",
    "Siquijor": "Siquijor",
    "Sorsogon": "Sorsogon",
    "South Cotabato": "Cotabato Sud",
    "Southern Leyte": "Southern Leyte",
    "Sultan Kudarat": "Sultan Kudarat",
    "Sulu": "Sulu",
    "Surigao del Norte": "Surigao del Norte",
    "Surigao del Sur": "Surigao del Sur",
    "Tarlac": "Tarlac",
    "Tawi-Tawi": "Tawi-Tawi",
    "Zambales": "Zambales",
    "Zamboanga del Norte": "Zamboanga del Norte",
    "Zamboanga del Sur": "Zamboanga del Sur",
    "Zamboanga Sibugay": "Zamboanga Sibugay",
    "București": "București",
    "Alba": "Alba",
    "Arad": "Arad",
    "Argeș": "Argeș",
    "Bacău": "Bacău",
    "Bihor": "Bihor",
    "Bistrița-Năsăud": "Bistrița-Năsăud",
    "Botoșani": "Botoșani",
    "Brașov": "Brașov",
    "Buzău": "Buzău",
    "Brăila": "Brăila",
    "Caraș-Severin": "Caraș-Severin",
    "Călărași": "Călărași",
    "Cluj": "Cluj",
    "Constanța": "Constanța",
    "Covasna": "Covasna",
    "Dâmbovița": "Dâmbovița",
    "Dolj": "Dolj",
    "Galați": "Galați",
    "Giurgiu": "Giurgiu",
    "Gorj": "Gorj",
    "Harghita": "Harghita",
    "Hunedoara": "Hunedoara",
    "Ialomița": "Ialomița",
    "Iași": "Iași",
    "Ilfov": "Ilfov",
    "Maramureș": "Maramureș",
    "Mehedinți": "Mehedinți",
    "Mureș": "Mureș",
    "Neamț": "Neamț",
    "Olt": "Olt",
    "Prahova": "Prahova",
    "Satu Mare": "Satu Mare",
    "Sălaj": "Sălaj",
    "Sibiu": "Sibiu",
    "Suceava": "Suceava",
    "Teleorman": "Teleorman",
    "Timiș": "Timiș",
    "Tulcea": "Tulcea",
    "Vaslui": "Vaslui",
    "Vâlcea": "Vâlcea",
    "Vrancea": "Vrancea",
    "Aceh": "Aceh",
    "Bali": "Bali",
    "Kepulauan Bangka Belitung": "Kepulauan Bangka Belitung",
    "Banten": "Banten",
    "Bengkulu": "Bengkulu",
    "Jawa Tengah": "Jawa Tengah",
    "Kalimantan Tengah": "Kalimantan Tengah",
    "Sulawesi Tengah": "Sulawesi Tengah",
    "Jawa Timur": "Jawa Timur",
    "Kalimantan Timur": "Kalimantan Timur",
    "Nusa Tenggara Timur": "Nusa Tenggara Timur",
    "Gorontalo": "Gorontalo",
    "DKI Jakarta": "DKI Jakarta",
    "Jambi": "Jambi",
    "Lampung": "Lampung",
    "Maluku": "Maluku",
    "Kalimantan Utara": "Kalimantan Utara",
    "Maluku Utara": "Maluku Utara",
    "Sulawesi Utara": "Sulawesi Utara",
    "Sumatera Utara": "Sumatera Utara",
    "Papua": "Papouasie",
    "Riau": "Riau",
    "Kepulauan Riau": "Kepulauan Riau",
    "Sulawesi Tenggara": "Sulawesi Tenggara",
    "Kalimantan Selatan": "Kalimantan Selatan",
    "Sulawesi Selatan": "Sulawesi Selatan",
    "Sumatera Selatan": "Sumatera Selatan",
    "Jawa Barat": "Jawa Barat",
    "Kalimantan Barat": "Kalimantan Barat",
    "Nusa Tenggara Barat": "Nusa Tenggara Barat",
    "Papua Barat": "Papua Barat",
    "Sulawesi Barat": "Sulawesi Barat",
    "Sumatera Barat": "Sumatera Barat",
    "DI Yogyakarta": "DI Yogyakarta",
    "Qassim": "Qassim",
    "Riyadh": "Riyad",
    "Tabuk": "Tabuk",
    "Medina": "Médina",
    "Makkah": "Makkah",
    "Northern Borders": "Frontières du Nord",
    "Jawf": "Jawf",
    "Ha'il": "Saluer",
    "Al Bahah": "Al Bahah",
    "Jizan": "Jizan",
    "Asir": "Asir",
    "Najran": "Najran",
    "Eastern Province": "province de l'Est",
    "Bangkok": "Bangkok",
    "Chiang Mai": "Chiang Mai",
    "Satun": "Satun",
    "Phuket": "Phuket",
    "Chonburi": "Chonburi",
    "Songkhla": "Songkhla",
    "Krabi": "Krabi",
    "Pattani": "Pattani",
    "Chiang Rai": "Chiang Rai",
    "Ranong": "Ranong",
    "Amnat Charoen": "Amnat Charoen",
    "Nonthaburi": "Nonthaburi",
    "Yala": "Yala",
    "Trat": "Trat",
    "Lamphun": "Lamphun",
    "Surat Thani": "Surat Thani",
    "Lampang": "Lampang",
    "Nakhon Sawan": "Nakhon Sawan",
    "Phrae": "Phrae",
    "Phichit": "Phichit",
    "Uthai Thani": "Uthai Thani",
    "Chumphon": "Chumphon",
    "Phayao": "Phayao",
    "Prachuap Khiri Khan": "Prachuap Khiri Khan",
    "Phetchabun": "Phetchabun",
    "Ang Thong": "Ang Thong",
    "Trang": "Trang",
    "Nan": "Nan",
    "Phetchaburi": "Phetchaburi",
    "Phatthalung": "Phatthalung",
    "Nakhon Si Thammarat": "Nakhon Si Thammarat",
    "Mae Hong Son": "Mae Hong Son",
    "Nong Bua Lamphu": "Nong Bua Lamphu",
    "Nakhon Ratchasima": "Nakhon Ratchasima",
    "Kanchanaburi": "Kanchanaburi",
    "Loei": "Loei",
    "Chaiyaphum": "Chaiyaphum",
    "Samut Prakan": "Samut Prakan",
    "Narathiwat": "Narathiwat",
    "Phitsanulok": "Phitsanulok",
    "Kamphaeng Phet": "Kamphaeng Phet",
    "Buriram": "Buriram",
    "Phang Nga": "Phang Nga",
    "Uttaradit": "Uttaradit",
    "Tak": "Tak",
    "Suphan Buri": "Suphan Buri",
    "Prachinburi": "Prachinburi",
    "Khon Kaen": "Khon Kaen",
    "Sing Buri": "Sing Buri",
    "Nakhon Pathom": "Nakhon Pathom",
    "Chanthaburi": "Chanthaburi",
    "Chachoengsao": "Chachoengsao",
    "Samut Sakhon": "Samut Sakhon",
    "Nong Khai": "Nong Khai",
    "Ratchaburi": "Ratchaburi",
    "Lopburi": "Lopburi",
    "Saraburi": "Saraburi",
    "Mukdahan": "Mukdahan",
    "Rayong": "Rayong",
    "Udon Thani": "Udon Thani",
    "Sa Kaeo": "Sa Kaeo",
    "Sukhothai": "Sukhothai",
    "Sakon Nakhon": "Sakon Nakhon",
    "Samut Songkhram": "Samut Songkhram",
    "Kalasin": "Kalasin",
    "Sisaket": "Sisaket",
    "Surin": "Surin",
    "Chai Nat": "Chai Nat",
    "Nakhon Nayok": "Nakhon Nayok",
    "Pathum Thani": "Pathum Thani",
    "Maha Sarakham": "Maha Sarakham",
    "Nakhon Phanom": "Nakhon Phanom",
    "Syburi": "Syburi",
    "Ubon Ratchathani": "Ubon Ratchathani",
    "Roi Et": "Roi Et",
    "Yasothon": "Yasothon",
    "Phra Nakhon Si Ayutthaya": "Phra Nakhon Si Ayutthaya",
    "Bueng Kan": "Bueng Kan",
    "Amazonas": "Amazonas",
    "Antioquia": "Antioquia",
    "Arauca": "Arauca",
    "Atlantico": "Atlantico",
    "Bogota": "Bogota",
    "Bolivar": "Bolivar",
    "Boyaca": "Boyaca",
    "Caldas": "Caldas",
    "Caqueta": "Caqueta",
    "Casanare": "Casanare",
    "Cauca": "Cauca",
    "Cesar": "César",
    "Choco": "Choco",
    "Cordoba": "Cordoue",
    "Cundinamarca": "Cundinamarca",
    "Guainia": "Guainia",
    "Guaviare": "Guaviare",
    "Huila": "Huila",
    "La Guajira": "La Guajira",
    "Magdalena": "Magdalena",
    "Meta": "Meta",
    "Narino": "Narino",
    "Norte de Santander": "Norte de Santander",
    "Putumayo": "Putumayo",
    "Quindio": "Quindio",
    "Risaralda": "Risaralda",
    "San Andres y Providencia": "San Andres y Providencia",
    "Santander": "Santander",
    "Sucre": "Sucre",
    "Tolima": "Tolima",
    "Valle del Cauca": "Valle del Cauca",
    "Vaupes": "Vaupes",
    "Vichada": "Vichada",
    "Island East": "Île Est",
    "Island West": "Île Ouest",
    "Kowloon Central": "Kowloon Central",
    "Kowloon East": "Kowloon East",
    "Kowloon West": "Kowloon West",
    "New Territories East": "Nouveaux territoires est",
    "New Territories West": "Nouveaux territoires Ouest"
}