{
    "Global": "全球",
    "China": "中国",
    "Mainland China": "中国大陆",
    "International Conveyance": "国际运输",
    "Diamond Princess": "钻石公主号",
    "Singapore": "新加坡",
    "Hong Kong": "香港",
    "Thailand": "泰国",
    "Japan": "日本",
    "South Korea": "韩国",
    "Malaysia": "马来西亚",
    "Taiwan": "台湾",
    "Germany": "德国",
    "Vietnam": "越南",
    "Viet Nam": "越南",
    "France": "法国",
    "Macau": "澳门",
    "United Kingdom": "英国",
    "England": "英格兰",
    "Scotland": "苏格兰",
    "Wales": "威尔士",
    "Northern Ireland": "北爱尔兰",
    "Overseas Territories": "海外领土",
    "Crown Dependencies": "皇家属地",
    "United Arab Emirates": "阿联酋",
    "Australia": "澳大利亚",
    "Queensland": "昆士兰州",
    "New South Wales": "新南威尔士州",
    "Victoria": "维多利亚州",
    "South Australia": "南澳大利亚州",
    "Western Australia": "西澳大利亚州",
    "Tasmania": "塔斯马尼亚州",
    "Northern Territory": "北领地",
    "Australian Capital Territory": "澳大利亚首都领地",
    "Jervis Bay Territory": "杰维斯湾领地",
    "Canada": "加拿大",
    "British Columbia": "不列颠哥伦比亚省",
    "Ontario": "安大略省",
    "Quebec": "魁北克省",
    "Alberta": "艾伯塔省",
    "New Brunswick": "新布伦瑞克省",
    "Manitoba": "曼尼托巴省",
    "Saskatchewan": "萨斯喀彻温省",
    "Newfoundland and Labrador": "纽芬兰与拉布拉多省",
    "Prince Edward Island": "爱德华王子岛省",
    "Nova Scotia": "新斯科舍省",
    "Northwest Territories": "西北地区",
    "Nunavut": "努纳武特地区",
    "Yukon": "育空地区",
    "India": "印度",
    "Italy": "意大利",
    "Philippines": "菲律宾",
    "Russia": "俄罗斯",
    "Russian Federation": "俄罗斯",
    "Spain": "西班牙",
    "Belgium": "比利时",
    "Cambodia": "柬埔寨",
    "Egypt": "埃及",
    "Finland": "芬兰",
    "Nepal": "尼泊尔",
    "Sri Lanka": "斯里兰卡",
    "Sweden": "瑞典",
    "Iran": "伊朗",
    "Israel": "以色列",
    "Lebanon": "黎巴嫩",
    "Oman": "阿曼",
    "Iraq": "伊拉克",
    "Afghanistan": "阿富汗",
    "Bahrain": "巴林",
    "Kuwait": "科威特",
    "Austria": "奥地利",
    "Algeria": "阿尔及利亚",
    "Croatia": "克罗地亚",
    "Switzerland": "瑞士",
    "Pakistan": "巴基斯坦",
    "Brazil": "巴西",
    "Georgia": "格鲁吉亚",
    "Greece": "希腊",
    "North Macedonia": "北马其顿",
    "Norway": "挪威",
    "Romania": "罗马尼亚",
    "Denmark": "丹麦",
    "Estonia": "爱沙尼亚",
    "Netherlands": "荷兰",
    "Bonaire, Sint Eustatius and Saba": "荷兰加勒比区",
    "San Marino": "圣马力诺",
    "Azerbaijan": "阿塞拜疆",
    "Belarus": "白俄罗斯",
    "Iceland": "冰岛",
    "Lithuania": "立陶宛",
    "Mexico": "墨西哥",
    "New Zealand": "新西兰",
    "Nigeria": "尼日利亚",
    "North Ireland": "北爱尔兰",
    "Ireland": "爱尔兰",
    "Luxembourg": "卢森堡",
    "Monaco": "摩纳哥",
    "Qatar": "卡塔尔",
    "Armenia": "亚美尼亚",
    "Dominican Republic": "多米尼加",
    "Dominica": "多米尼克",
    "Czechia": "捷克",
    "Ecuador": "厄瓜多尔",
    "Indonesia": "印度尼西亚",
    "Portugal": "葡萄牙",
    "Andorra": "安道尔",
    "Latvia": "拉脱维亚",
    "Morocco": "摩洛哥",
    "Saudi Arabia": "沙特阿拉伯",
    "Senegal": "塞内加尔",
    "Argentina": "阿根廷",
    "Chile": "智利",
    "Jordan": "约旦",
    "Ukraine": "乌克兰",
    "Hungary": "匈牙利",
    "Faroe Islands": "法罗群岛",
    "Gibraltar": "直布罗陀",
    "Liechtenstein": "列支敦士登",
    "Poland": "波兰",
    "Tunisia": "突尼斯",
    "Palestine": "巴勒斯坦",
    "Bosnia and Herzegovina": "波黑",
    "Slovenia": "斯洛文尼亚",
    "South Africa": "南非",
    "Bhutan": "不丹",
    "Cameroon": "喀麦隆",
    "Colombia": "哥伦比亚",
    "Costa Rica": "哥斯达黎加",
    "Peru": "秘鲁",
    "Serbia": "塞尔维亚",
    "Slovakia": "斯洛伐克",
    "Togo": "多哥",
    "Holy See": "梵蒂冈",
    "Malta": "马耳他",
    "Bulgaria": "保加利亚",
    "Maldives": "马尔代夫",
    "Bangladesh": "孟加拉国",
    "Moldova": "摩尔多瓦",
    "Republic of Moldova": "摩尔多瓦",
    "Paraguay": "巴拉圭",
    "Albania": "阿尔巴尼亚",
    "Cyprus": "塞浦路斯",
    "Brunei": "汶莱",
    "Burkina Faso": "布基纳法索",
    "Channel Islands": "海峡群岛",
    "Mongolia": "蒙古",
    "Panama": "巴拿马",
    "Bolivia": "玻利维亚",
    "Honduras": "洪都拉斯",
    "Congo (Kinshasa)": "刚果（金）",
    "Cote d'Ivoire": "科特迪瓦",
    "Jamaica": "牙买加",
    "Turkey": "土耳其",
    "Cuba": "古巴",
    "Guyana": "圭亚那",
    "Kazakhstan": "哈萨克斯坦",
    "Aruba": "阿鲁巴",
    "Cayman Islands": "开曼群岛",
    "Ethiopia": "埃塞俄比亚",
    "Sudan": "苏丹",
    "Guinea": "几内亚",
    "Kenya": "肯尼亚",
    "Antigua and Barbuda": "安提瓜和巴布达",
    "Uruguay": "乌拉圭",
    "Ghana": "加纳",
    "Jersey": "泽西",
    "Namibia": "纳米比亚",
    "Seychelles": "塞舌尔",
    "Trinidad and Tobago": "特立尼达和多巴哥",
    "Venezuela": "委内瑞拉",
    "Curacao": "库拉索",
    "Eswatini": "斯威士兰",
    "Gabon": "加蓬",
    "Guatemala": "瓜地马拉",
    "Guernsey": "根西",
    "Mauritania": "毛里塔尼亚",
    "Rwanda": "卢旺达",
    "Saint Lucia": "圣卢西亚",
    "Saint Vincent and the Grenadines": "圣文森特和格林纳丁斯",
    "Suriname": "苏里南",
    "Kosovo": "科索沃",
    "Central African Republic": "中非",
    "Congo (Brazzaville)": "刚果（布）",
    "Equatorial Guinea": "赤道几内亚",
    "Uzbekistan": "乌兹别克斯坦",
    "Benin": "贝宁",
    "Greenland": "格陵兰",
    "Liberia": "利比里亚",
    "Somalia": "索马里",
    "Tanzania": "坦桑尼亚",
    "Bahamas": "巴哈马",
    "Kyrgyzstan": "吉尔吉斯斯坦",
    "Mauritius": "毛里求斯",
    "Barbados": "巴巴多斯",
    "Zambia": "赞比亚",
    "Montenegro": "黑山",
    "Djibouti": "吉布提",
    "Gambia": "冈比亚",
    "Montserrat": "蒙特塞拉特",
    "Chad": "乍得",
    "El Salvador": "萨尔瓦多",
    "Fiji": "斐济",
    "Nicaragua": "尼加拉瓜",
    "Bermuda": "百慕大",
    "Isle of Man": "马恩岛",
    "Madagascar": "马达加斯加",
    "Haiti": "海地",
    "Angola": "安哥拉",
    "Cabo Verde": "佛得角",
    "Niger": "尼日尔",
    "Papua New Guinea": "巴布亚新几内亚",
    "Zimbabwe": "津巴布韦",
    "Timor-Leste": "东帝汶",
    "Eritrea": "厄立特里亚",
    "Uganda": "乌干达",
    "Sint Maarten": "荷属圣马丁",
    "Mozambique": "莫桑比克",
    "Syria": "叙利亚",
    "Grenada": "格林纳达",
    "Belize": "伯利兹",
    "Laos": "老挝",
    "Libya": "利比亚",
    "Guinea-Bissau": "几内亚比绍",
    "Saint Kitts and Nevis": "圣基茨和尼维斯",
    "Mali": "马里",
    "Myanmar": "缅甸",
    "Turks and Caicos Islands": "特克斯和凯科斯群岛",
    "British Virgin Islands": "英属维尔京群岛",
    "Anguilla": "安圭拉",
    "Botswana": "博茨瓦纳",
    "Burundi": "布隆迪",
    "Sierra Leone": "塞拉利昂",
    "Malawi": "马拉维",
    "Western Sahara": "西撒哈拉",
    "South Sudan": "南苏丹",
    "Sao Tome and Principe": "圣多美和普林西比",
    "Yemen": "也门",
    "United States of America": "美国",
    "Virgin Islands": "维尔京群岛",
    "Puerto Rico": "波多黎各",
    "Guam": "关岛",
    "From Diamond Princess": "来自钻石公主号",
    "Grand Princess": "至尊公主号",
    "Daegu": "大邱市",
    "Gyeongsangbuk-do": "庆尚北道",
    "Gyeongsangnam-do": "庆尚南道",
    "Gangwon-do": "江原道",
    "Gyeonggi-do": "京畿道",
    "Seoul": "首尔市",
    "Gwangju": "光州市",
    "Daejeon": "大田市",
    "Busan": "釜山市",
    "Ulsan": "蔚山市",
    "Jeollanam-do": "全罗南道",
    "Jeollabuk-do": "全罗北道",
    "Chungcheongbuk-do": "忠清北道",
    "Chungcheongnam-do": "忠清南道",
    "Sejong City": "世宗市",
    "Incheon": "仁川市",
    "Jeju-do": "济川道",
    "Lombardia": "伦巴第大区",
    "Emilia Romagna": "艾利亚-罗马涅大区",
    "Veneto": "威尼托大区",
    "Piemonte": "皮埃蒙特大区",
    "Liguria": "利古里亚大区",
    "Marche": "马尔凯大区",
    "Campania": "坎帕尼亚大区",
    "Toscana": "托斯卡纳大区",
    "Sicilia": "西西里大区",
    "Lazio": "拉齐奥大区",
    "Friuli V. G.": "弗留利-威尼斯朱利亚大区",
    "Abruzzo": "阿布鲁佐大区",
    "Puglia": "普利亚大区",
    "Umbria": "翁布里亚大区",
    "Calabria": "卡拉布里亚大区",
    "Sardegna": "撒丁大区",
    "Valle d'Aosta": "瓦莱达奥斯塔大区",
    "Molise": "莫利塞大区",
    "Basilicata": "巴西利卡塔大区",
    "Trentino-Alto Adige": "特伦蒂诺-上阿迪杰大区",
    "Apulia": "普利亚大区",
    "Metropolitan France": "法国本土",
    "Overseas France": "海外领土",
    "Auvergne-Rhône-Alpes": "奥弗涅-罗讷-阿尔卑斯大区",
    "Bourgogne-Franche-Comté": "勃艮第-弗朗什-孔泰大区",
    "Bretagne": "布列塔尼大区",
    "Centre-Val de Loire": "中央-卢瓦尔河谷大区",
    "Corse": "科西嘉",
    "Grand Est": "大东部大区",
    "Hauts-de-France": "上法兰西大区",
    "Île-de-France": "法兰西岛大区",
    "Normandie": "诺曼底大区",
    "Nouvelle-Aquitaine": "新阿基坦大区",
    "Occitanie": "奥克西塔尼大区",
    "Pays de la Loire": "卢瓦尔河地区大区",
    "Provence-Alpes-Côte d'Azur": "普罗旺斯-阿尔卑斯-蓝色海岸大区",
    "Guadeloupe": "瓜德罗普",
    "Martinique": "马提尼克",
    "French Guiana": "法属圭亚那",
    "Reunion": "留尼汪",
    "Mayotte": "马约特",
    "Saint Barthelemy": "圣巴泰勒米",
    "Saint Martin": "法属圣马丁",
    "French Polynesia": "法属波利尼西亚",
    "New Caledonia": "新喀里多尼亚",
    "Thüringen": "图林根州",
    "Mecklenburg-Vorpommern": "梅克伦堡-前波美拉尼亚州",
    "Saarland": "萨尔兰州",
    "Bremen": "不来梅州",
    "Sachsen-Anhalt": "萨克森-安哈尔特州",
    "Brandenburg": "勃兰登堡州",
    "Schleswig-Holstein": "石勒苏益格-荷尔斯泰因州",
    "Sachsen": "萨克森州",
    "Hamburg": "汉堡",
    "Rheinland-Pfalz": "莱茵兰-普法尔茨州",
    "Hessen": "黑森州",
    "Berlin": "柏林",
    "Niedersachsen": "下萨克森州",
    "Baden-Württemberg": "巴登-符腾堡州",
    "Bayern": "巴伐利亚州",
    "Nordrhein-Westfalen": "北莱茵-威斯特法伦州",
    "Hokkaido": "北海道",
    "Aomori": "青森县",
    "Iwate": "岩手县",
    "Miyagi": "宫城县",
    "Akita": "秋田县",
    "Yamagata": "山形县",
    "Fukushima": "福岛县",
    "Ibaraki": "茨城县",
    "Tochigi": "栃木县",
    "Gunma": "群马县",
    "Saitama": "埼玉县",
    "Chiba": "千叶县",
    "Tokyo": "东京都",
    "Kanagawa": "神奈川县",
    "Niigata": "新潟县",
    "Toyama": "富山县",
    "Ishikawa": "石川县",
    "Fukui": "福井县",
    "Yamanashi": "山梨县",
    "Nagano": "长野县",
    "Gifu": "岐阜县",
    "Shizuoka": "静冈县",
    "Aichi": "爱知县",
    "Mie": "三重县",
    "Shiga": "滋贺县",
    "Kyoto": "京都府",
    "Osaka": "大阪府",
    "Hyogo": "兵库县",
    "Nara": "奈良县",
    "Wakayama": "和歌山县",
    "Tottori": "鸟取县",
    "Shimane": "岛根县",
    "Okayama": "冈山县",
    "Hiroshima": "广岛县",
    "Yamaguchi": "山口县",
    "Tokushima": "德岛县",
    "Kagawa": "香川县",
    "Ehime": "爱媛县",
    "Kochi": "高知县",
    "Fukuoka": "福冈县",
    "Saga": "佐贺县",
    "Nagasaki": "长崎县",
    "Kumamoto": "熊本县",
    "Oita": "大分县",
    "Miyazaki": "宫崎县",
    "Kagoshima": "鹿儿岛县",
    "Okinawa": "冲绳县",
    "Evacuation": "撤侨",
    "Quarantine Officers": "检疫人员",
    "Kärnten": "克恩顿州",
    "Burgenland": "布尔根兰州",
    "Vorarlberg": "福拉尔贝格州",
    "Salzburg": "萨尔茨堡州",
    "Steiermark": "施蒂利亚州",
    "Niederösterreich": "下奥地利州",
    "Oberösterreich": "上奥地利州",
    "Wien": "维也纳州",
    "Tirol": "蒂罗尔州",
    "Andalucía": "安达卢西亚",
    "Aragón": "阿拉贡",
    "Asturias": "阿斯图里亚斯",
    "Baleares": "巴利阿里群岛",
    "Canarias": "加那利群岛",
    "Cantabria": "坎塔布里亚",
    "Castilla-La Mancha": "卡斯蒂利亚-拉曼恰",
    "Castilla y León": "卡斯蒂利亚-莱昂",
    "Cataluña": "加泰罗尼亚",
    "Ceuta": "休达",
    "C. Valenciana": "巴伦西亚",
    "Extremadura": "埃斯特雷马杜拉",
    "Galicia": "加利西亚",
    "Madrid": "马德里",
    "Melilla": "梅利利亚",
    "Murcia": "穆尔西亚",
    "Navarra": "纳瓦拉",
    "País Vasco": "巴斯克",
    "La Rioja": "拉里奥哈",
    "Ceuta y Melilla": "休达与梅利利亚",
    "Aargau": "阿尔高州",
    "Appenzell Ausserrhoden": "外阿彭策尔州",
    "Appenzell Innerrhoden": "内阿彭策尔州",
    "Basel-Landschaft": "巴塞尔乡村州",
    "Basel-Stadt": "巴塞尔城市州",
    "Bern": "伯尔尼州",
    "Fribourg": "弗里堡州",
    "Genève": "日内瓦州",
    "Glarus": "格拉鲁斯州",
    "Graubünden": "格劳宾登州",
    "Jura": "汝拉州",
    "Luzern": "卢塞恩州",
    "Neuchâtel": "纳沙泰尔州",
    "Nidwalden": "下瓦尔登州",
    "Obwalden": "上瓦尔登州",
    "St. Gallen": "圣加仑州",
    "Schaffhausen": "沙夫豪森州",
    "Schwyz": "施维茨州",
    "Solothurn": "索洛图恩州",
    "Thurgau": "图尔高州",
    "Ticino": "提契诺州",
    "Uri": "乌里州",
    "Valais": "瓦莱州",
    "Vaud": "沃州",
    "Zug": "楚格州",
    "Zürich": "苏黎世州",
    "Gotland": "哥特兰省",
    "Kalmar": "卡尔马省",
    "Blekinge": "布莱金厄省",
    "Norrbotten": "北博滕省",
    "Västernorrland": "西诺尔兰省",
    "Dalarna": "达拉纳省",
    "Kronoberg": "克鲁努贝里省",
    "Gävleborg": "耶夫勒堡省",
    "Västmanland": "西曼兰省",
    "Västerbotten": "西博滕省",
    "Jämtland": "耶姆特兰省",
    "Värmland": "韦姆兰省",
    "Örebro": "厄勒布鲁省",
    "Södermanland": "南曼兰省",
    "Jönköping": "延雪平省",
    "Halland": "哈兰省",
    "Uppsala": "乌普萨拉省",
    "Östergötland": "东约特兰省",
    "Skåne": "斯科讷省",
    "Västra Götaland": "西约塔兰省",
    "Stockholm": "斯德哥尔摩省",
    "Podlaskie": "波德拉谢省",
    "Świętokrzyskie": "圣十字省",
    "Lubusz": "卢布斯卡省",
    "Opole": "奥波莱省",
    "West Pomeranian": "西波美拉尼亚省",
    "Pomeranian": "波美拉尼亚省",
    "Lesser Poland": "小波兰省",
    "Kuyavian-Pomeranian": "库亚维-波美拉尼亚省",
    "Warmian-Masurian": "瓦尔米亚-马祖里省",
    "Podkarpackie": "喀尔巴阡山省",
    "Greater Poland": "大波兰省",
    "Lublin": "卢布林省",
    "Silesian": "西里西亚省",
    "Lower Silesian": "下西里西亚省",
    "Łódź": "罗兹省",
    "Masovian": "马佐夫舍省",
    "Nordland": "诺尔兰郡",
    "Møre og Romsdal": "默勒-鲁姆斯达尔郡",
    "Troms og Finnmark": "特罗姆斯-芬马克郡",
    "Vestfold og Telemark": "西福尔-泰勒马克郡",
    "Agder": "阿格德尔郡",
    "Trøndelag": "特伦德拉格郡",
    "Innlandet": "内陆郡",
    "Vestland": "韦斯特兰郡",
    "Rogaland": "罗加兰郡",
    "Oslo": "奥斯陆",
    "Viken": "维肯郡",
    "Qom": "库姆省",
    "Tehran": "德黑兰省",
    "Mazandaran": "马赞德兰省",
    "Alborz": "厄尔布尔士省",
    "Semnan": "塞姆南省",
    "Golestan": "戈勒斯坦省",
    "Qazvin": "加兹温省",
    "Isfahan": "伊斯法罕省",
    "Fars": "法尔斯省",
    "Hormozgan": "霍尔木兹甘省",
    "Kohgiluyeh and Boyer-Ahmad": "科吉卢耶-博韦艾哈迈德省",
    "Chaharmahal and Bakhtiari": "恰哈马哈勒-巴赫蒂亚里省",
    "Bushehr": "布什尔省",
    "Gilan": "吉兰省",
    "Ardabil": "阿尔达比勒省",
    "East Azerbaijan": "东阿塞拜疆省",
    "West Azerbaijan": "西阿塞拜疆省",
    "Kordestan": "库尔德斯坦省",
    "Zanjan": "赞詹省",
    "Markazi": "中央省",
    "Hamadan": "哈马丹省",
    "Khuzestan": "胡齐斯坦省",
    "Kermanshah": "克尔曼沙汗省",
    "Lorestan": "洛雷斯坦省",
    "Ilam": "伊拉姆省",
    "Razavi Khorasan": "礼萨呼罗珊省",
    "Sistan and Baluchestan": "锡斯坦-俾路支斯坦省",
    "Yazd": "亚兹德省",
    "South Khorasan": "南呼罗珊省",
    "Kerman": "克尔曼省",
    "North Khorasan": "北呼罗珊省",
    "Norte": "北部",
    "Centro": "中部",
    "Lisbon and Tagus Valley": "里斯本与塔霍河谷",
    "Alentejo": "阿连特茹",
    "Algarve": "阿尔加维",
    "Azores": "亚速尔自治区",
    "Madeira": "马德拉自治区",
    "Rondônia": "朗多尼亚州",
    "Acre": "阿克里州",
    "Amazonas": "亚马孙州",
    "Roraima": "罗赖马州",
    "Pará": "帕拉州",
    "Amapá": "阿马帕州",
    "Tocantins": "托坎廷斯州",
    "Maranhão": "马拉尼昂州",
    "Piauí": "皮奥伊州",
    "Ceará": "塞阿腊州",
    "Rio Grande do Norte": "北里约格朗德州",
    "Paraíba": "帕拉伊巴州",
    "Pernambuco": "伯南布哥州",
    "Alagoas": "阿拉戈斯州",
    "Sergipe": "塞尔希培州",
    "Bahia": "巴伊亚州",
    "Minas Gerais": "米纳斯吉拉斯州",
    "Espirito Santo": "圣埃斯皮里图州",
    "Rio de Janeiro": "里约热内卢州",
    "São Paulo": "圣保罗州",
    "Paraná": "巴拉那州",
    "Santa Catarina": "圣卡塔琳娜州",
    "Rio Grande do Sul": "南里约格朗德州",
    "Mato Grosso do Sul": "南马托格罗索州",
    "Mato Grosso": "马托格罗索州",
    "Goiás": "戈亚斯州",
    "Distrito Federal": "联邦区",
    "Perlis": "玻璃市州",
    "Kedah": "吉打州",
    "Pulau Pinang": "槟城州",
    "Perak": "霹雳州",
    "Selangor": "雪兰莪州",
    "Negeri Sembilan": "森美兰州",
    "Melaka": "马六甲州",
    "Johor": "柔佛州",
    "Pahang": "彭亨州",
    "Terengganu": "登嘉楼州",
    "Kelantan": "吉兰丹州",
    "Sabah": "沙巴州",
    "Sarawak": "砂拉越州",
    "Kuala Lumpur": "吉隆坡",
    "Labuan": "纳闽",
    "Putrajaya": "布城",
    "Arica y Parinacota": "阿里卡和帕里纳科塔大区",
    "Tarapacá": "塔拉帕卡大区",
    "Antofagasta": "安托法加斯塔大区",
    "Atacama": "阿塔卡马大区",
    "Coquimbo": "科金博大区",
    "Valparaíso": "瓦尔帕莱索大区",
    "Santiago Metropolitan": "圣地亚哥首都大区",
    "O'Higgins": "奥伊金斯大区",
    "Maule": "马乌莱大区",
    "Ñuble": "纽布莱大区",
    "Biobío": "比奥比奥大区",
    "Araucanía": "阿劳卡尼亚大区",
    "Los Ríos": "河大区",
    "Los Lagos": "湖大区",
    "Aysén": "艾森大区",
    "Magallanes": "麦哲伦大区",
    "Flanders": "弗拉芒大区",
    "Brussels": "布鲁塞尔-首都大区",
    "Wallonia": "瓦隆大区",
    "Liberec": "利贝雷茨州",
    "Pardubice": "帕尔杜比采州",
    "South Bohemian": "南波希米亚州",
    "Hradec Králové": "赫拉德茨-克拉洛韦州",
    "Karlovy Vary": "卡罗维发利州",
    "Vysočina": "维索基纳州",
    "Ústí nad Labem": "拉贝河畔乌斯季州",
    "Plzeň": "比尔森州",
    "Zlín": "兹林州",
    "South Moravian": "南摩拉维亚州",
    "Olomouc": "奥洛穆茨州",
    "Moravian-Silesian": "摩拉维亚-西里西亚州",
    "Central Bohemian": "中波希米亚州",
    "Prague": "布拉格",
    "Ciudad de Buenos Aires": "布宜诺斯艾利斯市",
    "Buenos Aires": "布宜诺斯艾利斯省",
    "Catamarca": "卡塔马卡省",
    "Chaco": "查科省",
    "Chubut": "丘布特省",
    "Cordoba": "科尔多瓦省",
    "Corrientes": "科连特斯省",
    "Entre Rios": "恩特雷里奥斯省",
    "Formosa": "福莫萨省",
    "Jujuy": "胡胡伊省",
    "La Pampa": "拉潘帕省",
    "La Rioja": "拉里奥哈省",
    "Mendoza": "门多萨省",
    "Misiones": "米西奥内斯省",
    "Neuquen": "内乌肯省",
    "Rio Negro": "内格罗河省",
    "Salta": "萨尔塔省",
    "San Juan": "圣胡安省",
    "San Luis": "圣路易斯省",
    "Santa Cruz": "圣克鲁斯省",
    "Santa Fe": "圣菲省",
    "Santiago del Estero": "圣地亚哥-德尔埃斯特罗省",
    "Tierra del Fuego": "火地省",
    "Tucuman": "图库曼省",
    "Azuay": "阿苏艾省",
    "Bolivar": "玻利瓦尔省",
    "Canar": "卡尼亚尔省",
    "Carchi": "卡尔奇省",
    "Chimborazo": "钦博拉索省",
    "Cotopaxi": "科托帕希省",
    "El Oro": "埃尔奥罗省",
    "Esmeraldas": "埃斯梅拉达斯省",
    "Galapagos": "加拉帕戈斯省",
    "Guayas": "瓜亚斯省",
    "Imbabura": "因巴布拉省",
    "Loja": "洛哈省",
    "Los Rios": "洛斯里奥斯省",
    "Manabi": "马纳比省",
    "Morona Santiago": "莫罗纳-圣地亚哥省",
    "Napo": "纳波省",
    "Orellana": "奥雷亚纳省",
    "Pastaza": "帕斯塔萨省",
    "Pichincha": "皮钦查省",
    "Santa Elena": "圣埃伦娜省",
    "Santo Domingo de los Tsachilas": "圣多明各-德洛斯查奇拉斯省",
    "Sucumbios": "苏昆比奥斯省",
    "Tungurahua": "通古拉瓦省",
    "Zamora-Chinchipe": "萨莫拉-钦奇佩省",
    "Aguascalientes": "阿瓜斯卡连特斯州",
    "Baja California": "下加利福尼亚州",
    "Baja California Sur": "南下加利福尼亚州",
    "Campeche": "坎佩切州",
    "Chiapas": "恰帕斯州",
    "Chihuahua": "奇瓦瓦州",
    "Ciudad de Mexico": "墨西哥城",
    "Coahuila": "科阿韦拉州",
    "Colima": "科利马州",
    "Durango": "杜兰戈州",
    "Guanajuato": "瓜纳华托州",
    "Guerrero": "格雷罗州",
    "Hidalgo": "伊达尔戈州",
    "Jalisco": "哈利斯科州",
    "Michoacan": "米却肯州",
    "Morelos": "莫雷洛斯州",
    "México": "墨西哥州",
    "Nayarit": "纳亚里特州",
    "Nuevo Leon": "新莱昂州",
    "Oaxaca": "瓦哈卡州",
    "Puebla": "普埃布拉州",
    "Queretaro": "克雷塔罗州",
    "Quintana Roo": "金塔纳罗奥州",
    "San Luis Potosi": "圣路易斯波托西州",
    "Sinaloa": "锡那罗亚州",
    "Sonora": "索诺拉州",
    "Tabasco": "塔巴斯科州",
    "Tamaulipas": "塔毛利帕斯州",
    "Tlaxcala": "特拉斯卡拉州",
    "Veracruz": "韦拉克鲁斯州",
    "Yucatan": "尤卡坦州",
    "Zacatecas": "萨卡特卡斯州",
    "Andhra Pradesh": "安得拉邦",
    "Arunachal Pradesh": "阿鲁纳恰尔邦",
    "Assam": "阿萨姆邦",
    "Bihar": "比哈尔邦",
    "Chhattisgarh": "恰蒂斯加尔邦",
    "Goa": "果阿邦",
    "Gujarat": "古吉拉特邦",
    "Haryana": "哈里亚纳邦",
    "Himachal Pradesh": "喜马偕尔邦",
    "Jharkhand": "贾坎德邦",
    "Karnataka": "卡纳塔克邦",
    "Kerala": "喀拉拉邦",
    "Madhya Pradesh": "中央邦",
    "Maharashtra": "马哈拉施特拉邦",
    "Manipur": "曼尼普尔邦",
    "Meghalaya": "梅加拉亚邦",
    "Mizoram": "米佐拉姆邦",
    "Nagaland": "那加兰邦",
    "Odisha": "奥里萨邦",
    "Punjab": "旁遮普邦",
    "Rajasthan": "拉贾斯坦邦",
    "Sikkim": "锡金邦",
    "Tamil Nadu": "泰米尔纳德邦",
    "Telangana": "特伦甘纳邦",
    "Tripura": "特里普拉邦",
    "Uttar Pradesh": "北方邦",
    "Uttarakhand": "北阿坎德邦",
    "West Bengal": "西孟加拉邦",
    "Andaman and Nicobar Islands": "安达曼-尼科巴群岛",
    "Chandigarh": "昌迪加尔",
    "Dadra and Nagar Haveli": "达德拉-纳加尔哈维利",
    "Daman and Diu": "达曼-第乌",
    "Lakshadweep": "拉克沙群岛",
    "Jammu and Kashmir": "查谟和克什米尔",
    "Ladakh": "拉达克",
    "Delhi": "德里",
    "Puducherry": "本地治里",
    "Lima": "利马大区",
    "Loreto": "洛雷托大区",
    "Lambayeque": "兰巴耶克大区",
    "Callao": "卡亚俄大区",
    "Cusco": "库斯科大区",
    "Piura": "皮乌拉大区",
    "La Libertad": "拉利伯塔德大区",
    "Ancash": "安卡什大区",
    "Huanuco": "瓦努科大区",
    "Arequipa": "阿雷基帕大区",
    "Ica": "伊卡大区",
    "Madre de Dios": "马德雷德迪奥斯大区",
    "Tumbes": "通贝斯大区",
    "Cajamarca": "卡哈马卡大区",
    "Amazonas": "亚马孙大区",
    "San Martin": "圣马丁大区",
    "Ucayali": "乌卡亚利大区",
    "Pasco": "帕斯科大区",
    "Junin": "胡宁大区",
    "Huancavelica": "万卡韦利卡大区",
    "Ayacucho": "阿亚库乔大区",
    "Apurimac": "阿普里马克大区",
    "Puno": "普诺大区",
    "Moquegua": "莫克瓜大区",
    "Tacna": "塔克纳大区",
    "Longford": "朗福德郡",
    "Louth": "劳斯郡",
    "Mayo": "梅欧郡",
    "Meath": "米斯郡",
    "Monaghan": "莫纳亨郡",
    "Sligo": "斯莱戈郡",
    "Roscommon": "罗斯康门郡",
    "Tipperary": "蒂珀雷里郡",
    "Waterford": "沃特福德郡",
    "Westmeath": "西米斯郡",
    "Offaly": "奥法利郡",
    "Limerick": "利默里克郡",
    "Carlow": "卡娄郡",
    "Laois": "利施郡",
    "Kilkenny": "基尔肯尼郡",
    "Kildare": "基尔代尔郡",
    "Kerry": "凯瑞郡",
    "Galway": "高维郡",
    "Dublin": "都柏林郡",
    "Donegal": "当尼戈尔郡",
    "Cork": "科克郡",
    "Clare": "克莱尔郡",
    "Cavan": "卡文郡",
    "Wexford": "韦克斯福德郡",
    "Leitrim": "利特里姆郡",
    "Wicklow": "威克娄郡",
    "Eastern Cape": "东开普省",
    "Free State": "自由邦省",
    "Gauteng": "豪登省",
    "KwaZulu-Natal": "夸祖鲁-纳塔尔省",
    "Limpopo": "林波波省",
    "Mpumalanga": "普马兰加省",
    "Northern Cape": "北开普省",
    "North West": "西北省",
    "Western Cape": "西开普省",
    "Abra": "阿布拉省",
    "Agusan del Norte": "北阿古桑省",
    "Agusan del Sur": "南阿古桑省",
    "Aklan": "阿克兰省",
    "Albay": "阿尔拜省",
    "Antique": "安蒂克省",
    "Apayao": "阿巴尧省",
    "Aurora": "奥罗拉省",
    "Basilan": "巴西兰省",
    "Bataan": "巴坦省",
    "Batanes": "巴坦群岛省",
    "Batangas": "八打雁省",
    "Benguet": "本格特省",
    "Biliran": "比利兰省",
    "Bohol": "保和省",
    "Bukidnon": "布基农省",
    "Bulacan": "布拉干省",
    "Cagayan": "卡加延省",
    "Camarines Norte": "北甘马粦省",
    "Camarines Sur": "南甘马粦省",
    "Camiguin": "甘米银省",
    "Capiz": "卡皮斯省",
    "Catanduanes": "卡坦端内斯省",
    "Cavite": "甲米地省",
    "Cebu": "宿务省",
    "Cotabato": "哥打巴托省",
    "Davao de Oro": "金达沃省",
    "Davao del Norte": "北达沃省",
    "Davao del Sur": "南达沃省",
    "Davao Occidental": "西达沃省",
    "Davao Oriental": "东达沃省",
    "Dinagat Islands": "迪纳加特群岛省",
    "Eastern Samar": "东萨马省",
    "Guimaras": "吉马拉斯省",
    "Ifugao": "伊富高省",
    "Ilocos Norte": "北伊罗戈省",
    "Ilocos Sur": "南伊罗戈省",
    "Iloilo": "伊洛伊洛省",
    "Isabela": "伊莎贝拉省",
    "Kalinga": "卡林阿省",
    "La Union": "拉乌尼翁省",
    "Laguna": "内湖省",
    "Lanao del Norte": "北拉瑙省",
    "Lanao del Sur": "南拉瑙省",
    "Leyte": "莱特省",
    "Maguindanao": "马京达瑙省",
    "Marinduque": "马林杜克省",
    "Masbate": "马斯巴特省",
    "Metro Manila": "马尼拉都会区",
    "Misamis Occidental": "西米萨米斯省",
    "Misamis Oriental": "东米萨米斯省",
    "Mountain Province": "高山省",
    "Negros Occidental": "西内格罗斯省",
    "Negros Oriental": "东内格罗斯省",
    "Northern Samar": "北萨马省",
    "Nueva Ecija": "新怡诗夏省",
    "Nueva Vizcaya": "新比斯开省",
    "Occidental Mindoro": "西民都洛省",
    "Oriental Mindoro": "东民都洛省",
    "Palawan": "巴拉望省",
    "Pampanga": "邦板牙省",
    "Pangasinan": "邦阿西楠省",
    "Quezon": "奎松省",
    "Quirino": "季里诺省",
    "Rizal": "黎刹省",
    "Romblon": "朗布隆省",
    "Samar": "萨马省",
    "Sarangani": "萨兰加尼省",
    "Siquijor": "锡基霍尔省",
    "Sorsogon": "索索贡省",
    "South Cotabato": "南哥打巴托省",
    "Southern Leyte": "南莱特省",
    "Sultan Kudarat": "苏丹库达拉省",
    "Sulu": "苏禄省",
    "Surigao del Norte": "北苏里高省",
    "Surigao del Sur": "南苏里高省",
    "Tarlac": "丹辘省",
    "Tawi-Tawi": "塔威塔威省",
    "Zambales": "三描礼士省",
    "Zamboanga del Norte": "北三宝颜省",
    "Zamboanga del Sur": "南三宝颜省",
    "Zamboanga Sibugay": "三宝颜锡布格省",
    "București": "布加勒斯特",
    "Alba": "阿尔巴县",
    "Arad": "阿拉德县",
    "Argeș": "阿尔杰什县",
    "Bacău": "巴克乌县",
    "Bihor": "比霍尔县",
    "Bistrița-Năsăud": "比斯特里察-讷瑟乌德县",
    "Botoșani": "博托沙尼县",
    "Brașov": "布拉索夫县",
    "Buzău": "布泽乌县",
    "Brăila": "布勒伊拉县",
    "Caraș-Severin": "卡拉什-塞维林县",
    "Călărași": "克勒拉希县",
    "Cluj": "克鲁日县",
    "Constanța": "康斯坦察县",
    "Covasna": "科瓦斯纳县",
    "Dâmbovița": "登博维察县",
    "Dolj": "多尔日县",
    "Galați": "加拉茨县",
    "Giurgiu": "久尔久县",
    "Gorj": "戈尔日县",
    "Harghita": "哈尔吉塔县",
    "Hunedoara": "胡内多阿拉县",
    "Ialomița": "雅洛米察县",
    "Iași": "雅西县",
    "Ilfov": "伊尔福夫县",
    "Maramureș": "马拉穆列什县",
    "Mehedinți": "梅赫丁茨县",
    "Mureș": "穆列什县",
    "Neamț": "尼亚姆茨县",
    "Olt": "奥尔特县",
    "Prahova": "普拉霍瓦县",
    "Satu Mare": "萨图马雷县",
    "Sălaj": "瑟拉日县",
    "Sibiu": "锡比乌县",
    "Suceava": "苏恰瓦县",
    "Teleorman": "特列奥尔曼县",
    "Timiș": "蒂米什县",
    "Tulcea": "图尔恰县",
    "Vaslui": "瓦斯卢伊县",
    "Vâlcea": "沃尔恰县",
    "Vrancea": "弗朗恰县",
    "Aceh": "亚齐特区",
    "Bali": "巴厘省",
    "Kepulauan Bangka Belitung": "邦加-勿里洞省",
    "Banten": "万丹省",
    "Bengkulu": "明古鲁省",
    "Jawa Tengah": "中爪哇省",
    "Kalimantan Tengah": "中加里曼丹省",
    "Sulawesi Tengah": "中苏拉威西省",
    "Jawa Timur": "东爪哇省",
    "Kalimantan Timur": "东加里曼丹省",
    "Nusa Tenggara Timur": "东努沙登加拉省",
    "Gorontalo": "哥伦打洛省",
    "DKI Jakarta": "雅加达首都特区",
    "Jambi": "占碑省",
    "Lampung": "楠榜省",
    "Maluku": "马鲁古省",
    "Kalimantan Utara": "北加里曼丹省",
    "Maluku Utara": "北马鲁古省",
    "Sulawesi Utara": "北苏拉威西省",
    "Sumatera Utara": "北苏门答腊省",
    "Papua": "巴布亚省",
    "Riau": "廖内省",
    "Kepulauan Riau": "廖内群岛省",
    "Sulawesi Tenggara": "东南苏拉威西省",
    "Kalimantan Selatan": "南加里曼丹省",
    "Sulawesi Selatan": "南苏拉威西省",
    "Sumatera Selatan": "南苏门答腊省",
    "Jawa Barat": "西爪哇省",
    "Kalimantan Barat": "西加里曼丹省",
    "Nusa Tenggara Barat": "西努沙登加拉省",
    "Papua Barat": "西巴布亚省",
    "Sulawesi Barat": "西苏拉威西省",
    "Sumatera Barat": "西苏门答腊省",
    "DI Yogyakarta": "日惹特区",
    "Qassim": "盖西姆省",
    "Riyadh": "利雅得省",
    "Tabuk": "塔布克省",
    "Medina": "麦地那省",
    "Makkah": "麦加省",
    "Northern Borders": "北部边疆省",
    "Jawf": "焦夫省",
    "Ha'il": "哈伊勒省",
    "Al Bahah": "巴哈省",
    "Jizan": "吉赞省",
    "Asir": "阿西尔省",
    "Najran": "奈季兰省",
    "Eastern Province": "东部省",
    "Bangkok": "曼谷",
    "Chiang Mai": "清迈府",
    "Satun": "沙敦府",
    "Phuket": "普吉府",
    "Chonburi": "春武里府",
    "Songkhla": "宋卡府",
    "Krabi": "甲米府",
    "Pattani": "北大年府",
    "Chiang Rai": "清莱府",
    "Ranong": "拉廊府",
    "Amnat Charoen": "安纳乍伦府",
    "Nonthaburi": "暖武里府",
    "Yala": "也拉府",
    "Trat": "达叻府",
    "Lamphun": "南奔府",
    "Surat Thani": "素叻府",
    "Lampang": "南邦府",
    "Nakhon Sawan": "那空沙旺府",
    "Phrae": "帕府",
    "Phichit": "披集府",
    "Uthai Thani": "乌泰他尼府",
    "Chumphon": "春蓬府",
    "Phayao": "帕尧府",
    "Prachuap Khiri Khan": "巴蜀府",
    "Phetchabun": "碧差汶府",
    "Ang Thong": "红统府",
    "Trang": "董里府",
    "Nan": "难府",
    "Phetchaburi": "佛丕府",
    "Phatthalung": "博他仑府",
    "Nakhon Si Thammarat": "那空是贪玛叻府",
    "Mae Hong Son": "夜丰颂府",
    "Nong Bua Lamphu": "农磨兰普府",
    "Nakhon Ratchasima": "那空叻差是玛府",
    "Kanchanaburi": "北碧府",
    "Loei": "黎府",
    "Chaiyaphum": "猜也蓬府",
    "Samut Prakan": "沙没巴干府",
    "Narathiwat": "那拉提瓦府",
    "Phitsanulok": "彭世洛府",
    "Kamphaeng Phet": "甘烹碧府",
    "Buriram": "武里南府",
    "Phang Nga": "攀牙府",
    "Uttaradit": "程逸府",
    "Tak": "达府",
    "Suphan Buri": "素攀府",
    "Prachinburi": "巴真府",
    "Khon Kaen": "孔敬府",
    "Sing Buri": "信武里府",
    "Nakhon Pathom": "佛统府",
    "Chanthaburi": "庄他武里府",
    "Chachoengsao": "差春骚府",
    "Samut Sakhon": "沙没沙空府",
    "Nong Khai": "廊开府",
    "Ratchaburi": "叻武里府",
    "Lopburi": "华富里府",
    "Saraburi": "北标府",
    "Mukdahan": "穆达汉府",
    "Rayong": "罗勇府",
    "Udon Thani": "乌隆府",
    "Sa Kaeo": "沙缴府",
    "Sukhothai": "素可泰府",
    "Sakon Nakhon": "沙功那空府",
    "Samut Songkhram": "沙没颂堪府",
    "Kalasin": "加拉信府",
    "Sisaket": "四色菊府",
    "Surin": "素林府",
    "Chai Nat": "猜纳府",
    "Nakhon Nayok": "那空那育府",
    "Pathum Thani": "巴吞他尼府",
    "Maha Sarakham": "马哈沙拉堪府",
    "Nakhon Phanom": "那空拍侬府",
    "Syburi": "榕市府",
    "Ubon Ratchathani": "乌汶府",
    "Roi Et": "黎逸府",
    "Yasothon": "益梭通府",
    "Phra Nakhon Si Ayutthaya": "大城府",
    "Bueng Kan": "汶干府",
    "Amazonas": "亚马孙省",
    "Antioquia": "安蒂奥基亚省",
    "Arauca": "阿劳卡省",
    "Atlantico": "大西洋省",
    "Bogota": "波哥大",
    "Bolivar": "玻利瓦尔省",
    "Boyaca": "博亚卡省",
    "Caldas": "卡尔达斯省",
    "Caqueta": "卡克塔省",
    "Casanare": "卡萨纳雷省",
    "Cauca": "考卡省",
    "Cesar": "塞萨尔省",
    "Choco": "乔科省",
    "Cordoba": "科尔多瓦省",
    "Cundinamarca": "昆迪纳马卡省",
    "Guainia": "瓜伊尼亚省",
    "Guaviare": "瓜维亚雷省",
    "Huila": "乌伊拉省",
    "La Guajira": "瓜希拉省",
    "Magdalena": "马格达莱纳省",
    "Meta": "梅塔省",
    "Narino": "纳里尼奥省",
    "Norte de Santander": "北桑坦德省",
    "Putumayo": "普图马约省",
    "Quindio": "金迪奥省",
    "Risaralda": "里萨拉尔达省",
    "San Andres y Providencia": "圣安德列斯-普罗维登西亚省",
    "Santander": "桑坦德省",
    "Sucre": "苏克雷省",
    "Tolima": "托利马省",
    "Valle del Cauca": "考卡山谷省",
    "Vaupes": "沃佩斯省",
    "Vichada": "比查达省",
    "Island East": "港岛东",
    "Island West": "港岛西",
    "Kowloon Central": "九龙中",
    "Kowloon East": "九龙东",
    "Kowloon West": "九东西",
    "New Territories East": "新界东",
    "New Territories West": "新界西",
    "Sindh": "信德省",
    "Punjab": "旁遮普省",
    "Balochistan": "俾路支省",
    "Khyber Pakhtunkhwa": "开伯尔-普什图省",
    "Islamabad": "伊斯兰堡",
    "Azad Kashmir": "阿扎德克什米尔",
    "Gilgit-Baltistan": "吉尔吉特-巴尔蒂斯坦",
    "Bjelovarsko-Bilogorska": "别洛瓦尔-比洛戈拉县",
    "Brodsko-Posavska": "布罗德-波萨维纳县",
    "Dubrovačko-Neretvanska": "杜布罗夫尼克-内雷特瓦县",
    "Grad Zagreb": "萨格勒布市",
    "Istarska": "伊斯特拉县",
    "Karlovačka": "卡尔洛瓦茨县",
    "Koprivničko-Križevačka": "科普里夫尼察-克里热夫齐县",
    "Krapinsko-Zagorska": "克拉皮纳-扎戈列县",
    "Ličko-Senjska": "利卡-塞尼县",
    "Međimurska": "梅吉穆列县",
    "Osječko-Baranjska": "奥西耶克-巴拉尼亚县",
    "Požeško-Slavonska": "波热加-斯拉沃尼亚县",
    "Primorsko-Goranska": "滨海和山区县",
    "Šibensko-Kninska": "希贝尼克-克宁县",
    "Sisačko-Moslavačka": "锡萨克-莫斯拉维纳县",
    "Splitsko-Dalmatinska": "斯普利特-达尔马提亚县",
    "Varaždinska": "瓦拉日丁县",
    "Virovitičko-Podravska": "维罗维蒂察-波德拉维纳县",
    "Vukovarsko-Srijemska": "武科瓦尔-斯里耶姆县",
    "Zadarska": "扎达尔县",
    "Zagrebačka": "萨格勒布县",
    "Åland": "奥兰",
    "Varsinais-Suomi Hospital District": "西南芬兰区",
    "Satakunta Hospital District": "萨塔昆塔区",
    "Kanta-Häme Hospital District": "坎塔海梅区",
    "Pirkanmaa Hospital District": "皮尔卡区",
    "Päijät-Häme Hospital District": "派亚特海梅区",
    "Kymenlaakso Hospital District": "屈米河谷区",
    "South Karelia Hospital District": "南卡累利阿区",
    "Etelä-Savo Hospital District": "南萨沃尼亚区",
    "Itä-Savo Hospital District": "东萨沃尼亚区",
    "North Karelia Hospital District": "北卡累利阿区",
    "Pohjois-Savo Hospital District": "北萨沃尼亚区",
    "Central Finland Hospital District": "中芬兰区",
    "South Ostrobothnia Hospital District": "南博滕区",
    "Vaasa Hospital District": "瓦萨区",
    "Central Ostrobothnia Hospital District": "中博滕区",
    "North Ostrobothnia Hospital District": "北博滕区",
    "Kainuu Hospital District": "凯努区",
    "Länsi-Pohja Hospital District": "西波赫亚区",
    "Lappi Hospital District": "拉普兰区",
    "Helsinki and Uusimaa Hospital District": "赫尔辛基与新地区",
    "Vinnytsia": "文尼察州",
    "Volyn": "沃伦州",
    "Dnipropetrovsk": "第聂伯罗彼得罗夫斯克州",
    "Donetsk": "顿涅茨克州",
    "Zhytomyr": "日托米尔州",
    "Zakarpattia": "外喀尔巴阡州",
    "Zaporizhzhya": "扎波罗热州",
    "Ivano-Frankivsk": "伊万诺-弗兰科夫斯克州",
    "Kirovohrad": "基洛沃格勒州",
    "Kiev City": "基辅市",
    "Kiev": "基辅州",
    "Lviv": "利沃夫州",
    "Luhansk": "卢甘斯克州",
    "Mykolaiv": "尼古拉耶夫州",
    "Odessa": "敖德萨州",
    "Poltava": "波尔塔瓦州",
    "Rivne": "罗夫诺州",
    "Sumy": "苏梅州",
    "Ternopil": "捷尔诺波尔州",
    "Kharkiv": "哈尔科夫州",
    "Kherson": "赫尔松州",
    "Khmelnytskyi": "赫梅利尼茨基州",
    "Chernivtsi": "切尔诺夫策州",
    "Cherkasy": "切尔卡瑟州",
    "Chernihiv": "切尔尼戈夫州",
    "Sevastopol": "塞瓦斯托波尔",
    "Crimea": "克里米亚",
    "Bács-Kiskun": "巴奇-基什孔州",
    "Baranya": "巴兰尼亚州",
    "Békés": "贝凯什州",
    "Borsod-Abaúj-Zemplén": "包尔绍德-奥包乌伊-曾普伦州",
    "Csongrád-Csanád": "琼格拉德州",
    "Fejér": "费耶尔州",
    "Győr-Moson-Sopron": "杰尔-莫松-肖普朗州",
    "Hajdú-Bihar": "豪伊杜-比豪尔州",
    "Heves": "赫维什州",
    "Jász-Nagykun-Szolnok": "加兹-纳杰孔-索尔诺克州",
    "Komárom-Esztergom": "科马罗姆-埃斯泰尔戈姆州",
    "Nógrád": "诺格拉德州",
    "Pest": "佩斯州",
    "Somogy": "绍莫吉州",
    "Szabolcs-Szatmár-Bereg": "索博尔奇-索特马尔-贝拉格州",
    "Tolna": "托尔瑙州",
    "Vas": "沃什州",
    "Veszprém": "维斯普雷姆州",
    "Zala": "佐洛州",
    "Budapest": "布达佩斯",
    "Hovedstaden": "首都大区",
    "Sjælland": "西兰大区",
    "Syddanmark": "南丹麦大区",
    "Midtjylland": "中日德兰大区",
    "Nordjylland": "北日德兰大区",
    "Bratislava": "布拉迪斯拉发州",
    "Košice": "科希策州",
    "Žilina": "日利纳州",
    "Prešov": "普雷绍夫州",
    "Trenčín": "特伦钦州",
    "Trnava": "特尔纳瓦州",
    "Nitra": "尼特拉州",
    "Banská Bystrica": "班斯卡-比斯特理察州",
    "Berat": "培拉特州",
    "Dibër": "迪勃拉州",
    "Durrës": "都拉斯州",
    "Elbasan": "爱尔巴桑州",
    "Fier": "费里州",
    "Gjirokastër": "吉诺卡斯特州",
    "Korçe": "科尔察州",
    "Kukës": "库克斯州",
    "Lezhë": "莱什州",
    "Shkodër": "斯库台州",
    "Tiranë": "地拉那州",
    "Vlorë": "发罗拉州"
}
